/* Assignment 8 - populate.sql
 * CSc 460
 * Fall 2014
 * Carla Bustos and Zixiang Zhou
 */

INSERT INTO ACCOUNT VALUES (100, 'Peter');
INSERT INTO ACCOUNT VALUES (101, 'Lois');
INSERT INTO ACCOUNT VALUES (102, 'Chris');
INSERT INTO ACCOUNT VALUES (103, 'Meg');
INSERT INTO ACCOUNT VALUES (104, 'Brian');
INSERT INTO ACCOUNT VALUES (105, 'Stewie');
INSERT INTO ACCOUNT VALUES (106, 'Homer');
INSERT INTO ACCOUNT VALUES (107, 'Marge');
INSERT INTO ACCOUNT VALUES (108, 'Lisa');
INSERT INTO ACCOUNT VALUES (109, 'Bart');
INSERT INTO ACCOUNT VALUES (110, 'Quagmire');
INSERT INTO ACCOUNT VALUES (111, 'Cleveland');

INSERT INTO PHONE VALUES (0, 1234567890, 'Palm', 'Pixi');
INSERT INTO PHONE VALUES (1, 1234567891, 'Palm', 'Pre');
INSERT INTO PHONE VALUES (2, 1234567892, 'Palm', 'Pre2');
INSERT INTO PHONE VALUES (3, 1234567893, 'Palm', 'Treo');
INSERT INTO PHONE VALUES (4, 1234567894, 'Palm', 'Pixi Plus');
INSERT INTO PHONE VALUES (5, 1234567895, 'Palm', 'Tungsten');
INSERT INTO PHONE VALUES (6, 1234567896, 'Palm', 'Pilot');
INSERT INTO PHONE VALUES (7, 1234567897, 'Samsung', 'Galaxy');
INSERT INTO PHONE VALUES (8, 1234567898, 'Motorola', 'Razr');
INSERT INTO PHONE VALUES (9, 1234567899, 'LG', 'Droid 3');
INSERT INTO PHONE VALUES (10, 1234567900, 'Samsung', 'Galaxy');
INSERT INTO PHONE VALUES (11, 1234567901, 'LG', 'g360');

INSERT INTO PLAN VALUES ('EASY PRE-PAID PLAN', 40, 100, 'PREPAIDPLAN');
INSERT INTO PLAN VALUES ('COMBO PLAN', 25, 150, 'BUYNEWDEVICEPLAN');
INSERT INTO PLAN VALUES ('FAMILY PLAN', 50, 150, 'BUYNEWDEVICEPLAN');
INSERT INTO PLAN VALUES ('LUXURY PLAN', 100, 1500, 'BUYNEWDEVICEPLAN');

INSERT INTO SUBSCRIBE VALUES (0, 100, 'COMBO PLAN');
INSERT INTO SUBSCRIBE VALUES (1, 101, 'EASY PRE-PAID PLAN');
INSERT INTO SUBSCRIBE VALUES (2, 102, 'COMBO PLAN');
INSERT INTO SUBSCRIBE VALUES (3, 103, 'COMBO PLAN');
INSERT INTO SUBSCRIBE VALUES (4, 104, 'EASY PRE-PAID PLAN');
INSERT INTO SUBSCRIBE VALUES (5, 105, 'COMBO PLAN');
INSERT INTO SUBSCRIBE VALUES (6, 106, 'COMBO PLAN');
INSERT INTO SUBSCRIBE VALUES (7, 107, 'COMBO PLAN');
INSERT INTO SUBSCRIBE VALUES (8, 108, 'EASY PRE-PAID PLAN');
INSERT INTO SUBSCRIBE VALUES (9, 109, 'EASY PRE-PAID PLAN');
INSERT INTO SUBSCRIBE VALUES (10, 110, 'COMBO PLAN');
INSERT INTO SUBSCRIBE VALUES (11, 111, 'EASY PRE-PAID PLAN');

INSERT INTO OWNS VALUES (100, 101 );
INSERT INTO OWNS VALUES (100, 102 );
INSERT INTO OWNS VALUES (100, 103 );
INSERT INTO OWNS VALUES (100, 104 );
INSERT INTO OWNS VALUES (100, 105 );
INSERT INTO OWNS VALUES (106, 107 );
INSERT INTO OWNS VALUES (106, 108 );
INSERT INTO OWNS VALUES (106, 109 );

INSERT INTO Bill VALUES (100,date '2014-09-30',date '2014-09-01',date '2014-09-15');
INSERT INTO Bill VALUES (100,date '2014-10-31',date '2014-10-01',date '2014-10-15');
INSERT INTO Bill VALUES (100,date '2014-11-30',date '2014-11-01',date '2014-11-15');
INSERT INTO Bill VALUES (106,date '2014-09-30',date '2014-09-01',date '2014-09-15');
INSERT INTO Bill VALUES (106,date '2014-10-31',date '2014-10-01',date '2014-10-15');
INSERT INTO Bill VALUES (106,date '2014-11-30',date '2014-11-01',date '2014-11-15');
INSERT INTO Bill VALUES (110,date '2014-01-31',date '2014-01-01',date '2014-01-15'); 


INSERT INTO Bill VALUES (110,date '2014-02-28',date '2014-02-01',date '2014-02-15'); 
INSERT INTO Bill VALUES (110,date '2014-03-31',date '2014-03-01',date '2014-03-15'); 
INSERT INTO Bill VALUES (110,date '2014-04-30',date '2014-04-01',date '2014-04-15'); 
INSERT INTO Bill VALUES (110,date '2014-05-31',date '2014-05-01',date '2014-05-15'); 
INSERT INTO Bill VALUES (110,date '2014-06-30',date '2014-06-01',date '2014-06-15'); 
INSERT INTO Bill VALUES (110,date '2014-07-31',date '2014-07-01',date '2014-07-15'); 
INSERT INTO Bill VALUES (110,date '2014-08-31',date '2014-08-01',date '2014-08-15'); 
INSERT INTO Bill VALUES (110,date '2014-09-30',date '2014-09-01',date '2014-09-15'); 
INSERT INTO Bill VALUES (110,date '2014-10-31',date '2014-10-01',date '2014-10-15'); 
INSERT INTO Bill VALUES (110,date '2014-11-30',date '2014-11-01',date '2014-11-15'); 

INSERT INTO Item VALUES(100, date '2014-11-30',1, 25.0);
INSERT INTO IsAssociatedWith VALUES (0,1,date '2014-11-30',100,'COMBO PLAN',42);
INSERT INTO Item VALUES(100, date '2014-11-30',2, 40.0);
INSERT INTO IsAssociatedWith VALUES (1,2,date '2014-11-30',100,'EASY PRE-PAID PLAN',100);
INSERT INTO Item VALUES(100, date '2014-11-30',3,25.0);
INSERT INTO IsAssociatedWith VALUES (2,3,date '2014-11-30',100,'COMBO PLAN',64);

INSERT INTO Item VALUES(100, date '2014-10-31',1, 25.0);
INSERT INTO IsAssociatedWith VALUES (0,1,date '2014-10-31',100,'COMBO PLAN',121);
INSERT INTO Item VALUES(100, date '2014-10-31',2, 40.0);
INSERT INTO IsAssociatedWith VALUES (1,2,date '2014-10-31',100,'EASY PRE-PAID PLAN',32);
INSERT INTO Item VALUES(100, date '2014-10-31',3,25.0);
INSERT INTO IsAssociatedWith VALUES (2,3,date '2014-10-31',100,'COMBO PLAN',28);

INSERT INTO Item VALUES(100, date '2014-09-30',1, 25.0);
INSERT INTO IsAssociatedWith VALUES (0,1,date '2014-09-30',100,'COMBO PLAN',133);
INSERT INTO Item VALUES(100, date '2014-09-30',2, 40.0);
INSERT INTO IsAssociatedWith VALUES (1,2,date '2014-09-30',100,'EASY PRE-PAID PLAN',78);
INSERT INTO Item VALUES(100, date '2014-09-30',3,25.0);
INSERT INTO IsAssociatedWith VALUES (2,3,date '2014-09-30',100,'COMBO PLAN',69);

INSERT INTO Item VALUES(100, date '2014-11-30',4, 25.0);
INSERT INTO IsAssociatedWith VALUES (3,4,date '2014-11-30',100,'COMBO PLAN',42);
INSERT INTO Item VALUES(100, date '2014-11-30',5, 40.0);
INSERT INTO IsAssociatedWith VALUES (4,5,date '2014-11-30',100,'EASY PRE-PAID PLAN',80);
INSERT INTO Item VALUES(100, date '2014-11-30',6,25.0);
INSERT INTO IsAssociatedWith VALUES (5,6,date '2014-11-30',100,'COMBO PLAN',64);

INSERT INTO Item VALUES(100, date '2014-10-31',4, 25.0);
INSERT INTO IsAssociatedWith VALUES (3,4,date '2014-10-31',100,'COMBO PLAN',11);
INSERT INTO Item VALUES(100, date '2014-10-31',5, 40.0);
INSERT INTO IsAssociatedWith VALUES (4,5,date '2014-10-31',100,'EASY PRE-PAID PLAN',32);
INSERT INTO Item VALUES(100, date '2014-10-31',6,25.0);
INSERT INTO IsAssociatedWith VALUES (5,6,date '2014-10-31',100,'COMBO PLAN',28);

INSERT INTO Item VALUES(100, date '2014-09-30',4, 25.0);
INSERT INTO IsAssociatedWith VALUES (3,4,date '2014-09-30',100,'COMBO PLAN',148);
INSERT INTO Item VALUES(100, date '2014-09-30',5, 40.0);
INSERT INTO IsAssociatedWith VALUES (4,5,date '2014-09-30',100,'EASY PRE-PAID PLAN',78);
INSERT INTO Item VALUES(100, date '2014-09-30',6,25.0);
INSERT INTO IsAssociatedWith VALUES (5,6,date '2014-09-30',100,'COMBO PLAN',69);

INSERT INTO Item VALUES(106, date '2014-11-30',1, 40.0);
INSERT INTO IsAssociatedWith VALUES (6,1,date '2014-11-30',106,'COMBO PLAN',12);
INSERT INTO Item VALUES(106, date '2014-11-30',2, 40.0);
INSERT INTO IsAssociatedWith VALUES (7,2,date '2014-11-30',106,'EASY PRE-PAID PLAN',32);
INSERT INTO Item VALUES(106, date '2014-11-30',3,25.0);
INSERT INTO IsAssociatedWith VALUES (8,3,date '2014-11-30',106,'COMBO PLAN',42);
INSERT INTO Item VALUES(106, date '2014-11-30',4,25.0);
INSERT INTO IsAssociatedWith VALUES (9,4,date '2014-11-30',106,'COMBO PLAN',42);

INSERT INTO Item VALUES(106, date '2014-10-31',1, 40.0);
INSERT INTO IsAssociatedWith VALUES (6,1,date '2014-10-31',106,'COMBO PLAN',27);
INSERT INTO Item VALUES(106, date '2014-10-31',2, 40.0);
INSERT INTO IsAssociatedWith VALUES (7,2,date '2014-10-31',106,'EASY PRE-PAID PLAN',94);
INSERT INTO Item VALUES(106, date '2014-10-31',3,25.0);
INSERT INTO IsAssociatedWith VALUES (8,3,date '2014-10-31',106,'COMBO PLAN',38);
INSERT INTO Item VALUES(106, date '2014-10-31',4,25.0);
INSERT INTO IsAssociatedWith VALUES (9,4,date '2014-10-31',106,'COMBO PLAN',42);

INSERT INTO Item VALUES(106, date '2014-09-30',1, 40.0);
INSERT INTO IsAssociatedWith VALUES (6,1,date '2014-09-30',106,'COMBO PLAN',62);
INSERT INTO Item VALUES(106, date '2014-09-30',2, 40.0);
INSERT INTO IsAssociatedWith VALUES (7,2,date '2014-09-30',106,'EASY PRE-PAID PLAN',78);
INSERT INTO Item VALUES(106, date '2014-09-30',3,25.0);
INSERT INTO IsAssociatedWith VALUES (8,3,date '2014-09-30',106,'COMBO PLAN',12);
INSERT INTO Item VALUES(106, date '2014-09-30',4,25.0);
INSERT INTO IsAssociatedWith VALUES (9,4,date '2014-09-30',106,'COMBO PLAN',26);

INSERT INTO Item VALUES(110, date '2014-01-31',1,25.0);
INSERT INTO IsAssociatedWith VALUES (10,1,date '2014-01-31',110,'COMBO PLAN',62);
INSERT INTO Item VALUES(110, date '2014-02-28',1,25.0);
INSERT INTO IsAssociatedWith VALUES (10,1,date '2014-02-28',110,'COMBO PLAN',26);
INSERT INTO Item VALUES(110, date '2014-03-31',1,25.0);
INSERT INTO IsAssociatedWith VALUES (10,1,date '2014-03-31',110,'COMBO PLAN',37);
INSERT INTO Item VALUES(110, date '2014-04-30',1,25.0);
INSERT INTO IsAssociatedWith VALUES (10,1,date '2014-04-30',110,'COMBO PLAN',46);
INSERT INTO Item VALUES(110, date '2014-05-31',1,25.0);
INSERT INTO IsAssociatedWith VALUES (10,1,date '2014-05-31',110,'COMBO PLAN',12);
INSERT INTO Item VALUES(110, date '2014-06-30',1,25.0);
INSERT INTO IsAssociatedWith VALUES (10,1,date '2014-06-30',110,'COMBO PLAN',92);
INSERT INTO Item VALUES(110, date '2014-07-31',1,25.0);
INSERT INTO IsAssociatedWith VALUES (10,1,date '2014-07-31',110,'COMBO PLAN',48);
INSERT INTO Item VALUES(110, date '2014-08-31',1,25.0);
INSERT INTO IsAssociatedWith VALUES (10,1,date '2014-08-31',110,'COMBO PLAN',81);
INSERT INTO Item VALUES(110, date '2014-10-31',1,25.0);
INSERT INTO IsAssociatedWith VALUES (10,1,date '2014-10-31',110,'COMBO PLAN',70);
INSERT INTO Item VALUES(110, date '2014-09-30',1,25.0);
INSERT INTO IsAssociatedWith VALUES (10,1,date '2014-09-30',110,'COMBO PLAN',73);
INSERT INTO Item VALUES(110, date '2014-11-30',1,25.0);
INSERT INTO IsAssociatedWith VALUES (10,1,date '2014-11-30',110,'COMBO PLAN',64);
